WORDLISTS,,MUNGBAM,,,,,
,"SPEAKER A-",SPEAKER,"SPEAKER C- ","Speaker D","A reference wordlist in Missong","A confirmation wordlist in Missong"
,"Buu Female","B-Buu Male"," Buu, Male","Mufu-Mundabli, female",Male,Male
,"FILE NAME","FILE NAME","FILE NAME","FILE NAME","FILE NAME","FILE NAME"
,QAT25,QAD23,QAT102,QAT155,QAT167,QAT181
Head,ùfìmə́,ìfì,ifìmə́,ifì,ifì,ìfì
Heads,áfímə́,áfí,áfímə́,àfì,àfì,àfì
Eye,dzə́sə́mə́,dzə́sə́,ídzə́sə́mə́,ídzə́sə́,ídzə́sə́,ídzə́sə́
eyes,àdzə́sə́mə́,àdzə́sə́,àdzə́sə́mə́,àdzə́sə́,àdzə́sə́,ázə́sə́
Ear,kìntsúŋmə́,kìntsúŋ,kíndúŋmə́,kìntsúŋ,kìntsúŋ,kǐntsúŋ
ears,bìntsúŋmə́,bìntsúŋ,bìntsúŋmə́,bìntsúŋ,bìntsúŋ,bǐnstúŋ
"Mouth ",ùfànə́,àfánwú,ùfànmə́,ùfàn,ùfàn,ùfàn
mouths,áfàn,àfànwú,àfànmə́,àfàn,àfàn,àfàn
Nose,nyûmə́,àwúŋ,ínyúmə́,ínyú,ínyú,inyú
noses,ányúmə́,ányúŋ,ányúmə́,ányú,ányú,ányú
Hand,ìtswàmə̌,ìtshà,ìtswàmə̌,úkə́n,úkə́n,úkə̌n
hands,"no response",átshà,àtswàmə́,ákə́n,ákə́n,ákə̌n
Body,úgbwɔ̀mə́,ùgbɔ̀wú,gbwɔ̀mə́,ùbwà,ùbwànʉ̀,úgbwă
bodies,íbwámə́,íbwánʉ̀,ìgbwɔmə́,ábwásə́,íbwánʉ̀,ágbwă
Leg,ùkɔ̀mə́,ùkɔ̀’ɔ̀,ùkɔ̀’ɔ̀mə́,íyáŋ,ùkɔ̀’ɔ̀,ùkɔ̀’ɔ̀
legs,àkɔ̀’ɔ̀mə́,àkɔ̀’ɔ̀,àkɔ̀’ɔ̀mə́,úkɔ̀’ɔ̀sə́,àkɔ̀’ɔ̀,àkɔ̀’ɔ́
Neck,úmámə́,kímá,úmámə́,ùkǔŋ,úmá,úmá
necks,ímámə́,ímá,ímámə́,íkúŋsə́,ímá,ámá
Shoulder,kìgbìŋmə́,tshwàwù,kìgbìŋmə́,kìgbìŋ,kìgbìŋ,kìgbìŋ
shoulders,bìgbìŋmə́,"no response",bìgbìŋmə́,bìgbìŋsə̂,bìgbìŋ,bìgbìŋ
Stomach,ùběmə́,ábě,ábémə́,ábě,ábě,ábɛ̂
stomachs,abě,abě,abě,aběsə́,abě,ábɛ̂
Finger,íkə́n’ə̀mə́,kə̀nwû,úkə́nmə́,úkə̀n,úkə́n,úkə̌n
fingers,ákə̀nmə́,ákə̀n,ákə̀nmə́,ákə̀n,ákə́n,ákə̌n
Jaw,kə̀bwàŋmə́,"No response",kìmbàŋmə́,kìngyaŋ,kìyá’á,kìyá’á
jaws,bə̀bwàŋmə́,"No response",bə̀mbàŋmə́,bìyá’á,bìyá’á,bìyá’á
Knee,ínə́mə́,"No response",ínə́mə́,ínə́,ínə́,ínə́
knees,ánə́mə́,"No response",ánə́mə́,ánə́mə̂,ánə́,áné
tooth,ídzânmə́,ídzán,ídzânmə́,ídzán,ídzán,ídzán
Teeth,ádzánmə́,ádzán,ádzánmə́,ádzán,ádzán,ádzán
buttocks,ìbùmɔ̀,íbú’úwù,kìbwàmə́,íbú’ú,íbú’ú,kìbwà
buttocks,ábú’ù,ábú’ù,bìbwàmə́,ábú’ùmá,ábú’ù,bìbwà
Breast,íbə́nmə́,íbə́n,íbə́n,íbə́n,íbə́n,íbə̂n
breats,ábə́nmə́," ábə́n",ábə́nmə́,ábə́nə̂," ábə́n",ábə̂n
one,kímʉ̀,kímʉ̀,kímʉ̀,kímʉ̀,kímʉ̀,kímʉ̀
two,bìfá,bìfá,bìfá,bìfá,bìfá,àfá
three,bìtè,bìtì,bìtɨ̌,bìtì,bìtì,àtê
"Four ",bì-nyì,bì-nyì,bì-nyì,bì-nyì,bì-nyì,ànyì
"Five ",ìpwá,pwá,pwə́,pwá,pwɔ́,pwɔ́
"Six ",ìlétê,létê,létê,bìlétê,létê,álété
"Seven ",bìnyìtè,nyìbìtê,bì-nyìbɨ́tê,bì-nyìbìtê,nyìbìtê,àyétê
Eight,bìnyìbàtè,bìnə̀nə̀,bìnə̀nə̀,bìnə̀nə̀,bìnyìbìnyǐ,ànə̀nə̀
Nine,kpwàkə́bìnyì,"No response",pwánáwànyì,pwánányì,pwánányì,pwánányì
Ten,dzo’ó,dzo’ó,dzo’ó,dzo’ó,dzo’ó,dzo’ó
Twenty,"dzo’o kábàfá","No response","bàdzo’o bàfá","bàdzo’o bàfá","bàdzo’o bàfá","bàdzo’o bàfá"
"Thirty ","dzo’o kábìtě","dzo’o bìtǐ","bàdzo’o bàtě","bàdzo’o bàtě","bàdzo’o bàtě","bàdzo’o bàtě"
Fourty,"dzo’o kábànyì",dzo’okíbìnyǐ,"bàdzo’o bànyì","bàdzo’o bànyì","bàdzo’o bànyì","bàdzo’o bàtě"
Fifty,"dzo’o kákpwâ","No response","bàdzo’o pwɔ́","bàdzo’o kɨ́pwɔ́","bàdzo’o pwɔ́","bàdzo’o pwɔ́"
"Sixty ","dzo’o fakàlétê","dzo’o bìlétê","bàdzo’o bàlétê","bàdzo’okó bàlétê","bàdzo’o bàlétê","bàdzo’o bàlétê"
Seventy,"dzo’o kábànyìtè",dzo’okə́bə̀nyìtê,"bàdzo’o bànyàtê","bàdzo’o bànyìbátê","bàdzo’o bànyìbátê","bàdzo’o bàlétê"
"Eighty ","dzo’o bàkányìfɨ̀nyì","dzo’o bànə̀nə̀","bàdzo’o bànə̀nə̀","bàdzo’okó bànyìbǐnyǐ","bàdzo’o bànə̀nə̀","bàdzo’o bànə̀nə̀"
Ninety,"dzo’o pwánə́nyì","No response","dzo’o pwánə́nyì","dzo’o pwánə́nyì","dzo’o pwánə́nyì","dzo’o pwánə́mə̀nyì"
"One hundred",úgbwàtsɔ̀,ídzáŋkímʉ̀,gbwɛ̀kùŋù,nʉ̀tsɨ́tsálə̌,nʉ̀tsɨ́tsálə̌,nʉ̀tsálə̌
"One thousand",ìkǐkímʉ̀,"No response","No response",úgbwêkɨ́mʉ̌,ìkǐkímʉ̀,"bánɛ̂bátsə́lə́ dzo ́ó"
"Hill ",nkwʉ̀n,nkún,nkùn,nkón,nkón,nkón
"Hills ",bànkʉ̀n,bànkún,bànkún,bànkón,bànkón,bànkón
River,nyɛ́mùntɨ̀,búŋfǐ,mbû’ú,mbù,mbù,mbô
Rivers,"no response","no response",bámbù,bámbù,bámbù,bàmbô
Water,mwémú,nyí,nyê,ányə̌,ányə̌,ányə̌
Water,mwémú,nyí,nyê,ányə̌,ányə̌,ányə̌
"Stone ",tsi,àtsǐ,ìtsǐ,ìtshǐ,ìtshǐ,ìtshǐ
stones,àtsǐ,àtshǐ,àtshǐ,àtshǐ,àtshǐ,àtshì
"Road ",ìdzíyí,ìzǐ,ìdǐ,dzì,ìzǐ,ìdzì
"Roads ",àdzíyí,ází,ádí,kìdzǐlə̀,ázílə̂,kídzílə́
"Mud ",kɨ́tswàbíntǐ,bítsáŋ,kítsâfə́,bìtsɔ̌yì,úyǐ,úyǐ
"Mud ",kɨ́tswàbíntǐ,bítsáŋ,kítsâfə́,bìtsɔ̌yì,úyǐ,úyǐ
Bridge,bə́də́lə́bù,"no response",bə́də́lə́,búdə́lə̂,bə́də́lə́,bwə́də́lə̂
bridges,"no response","no response",ídə́lə́,búdə́lə́fî,ídə́lə́,kídə́lə̂
"Wind ",kífɔ́’ɔ́kí,úbwá’á,úbwá’á,úbwá’á,kífɔ́’ɔ́,úbwá’á
"Wind ",kífɔ́’ɔ́kí,úbwá’á,úbwá’á,úbwá’á,kífɔ́’ɔ́,úbwá’á
"Tree ",úkwàwə̀,úkwà,úkwà,ìtě,úkwà,úkwà
trees,íkwàmə́,íkwà,íkwà,bìtě,íkwà,íkwà
"Grass ",bínîm,ífín,úfîn,úfîn,úfîn,úfîn
"Grasses ",kə̀nìm,ífín,ífín,fɨ́fîn,ífín,"úfîn ə́dwúlə́"
"Goat ",ìbǔ,bǔ,ìbǔ,ìbǔ,ìbǔ,ìbǔ
goats,íbú,íbú,íbú,íbú,íbú,íbú
"Pig ",kìpfí,kìfí,kìfí,kìpfí,kìpfí,kìpfí
pigs,bìpfí,bìpfí,bìpfí,bìpfí,bìpfí,bìpfí
"Cat ",fɨ̀pwúshí,fɨ̀bwúsə́,fɨ̀mwúsə́,fɨ̀bwúsə́,fɨ̀bwúsə́,fɨ̀bwúsə́
cats,mə̀pwúshí,mə̀bwúsə́,mə̀bwúsə́,mə̀bwús,mə̀bwúsə́,mə̀bwúsə́
"Snake ",ìdzùŋ,ìdzùŋ,ìdzǔŋ,ìdzùŋ,idzɔ̀ŋ,idzǔŋ
snakes,ídzúŋ,ídzúŋ,ídzúŋ,ídzúŋ,kídzɔ̂nə́,kídzûnə́
"Cow ",mbùŋ,mbɔ̀ŋ,mbɔ̀’ɔ̀lɔ́,mbùŋ,mbùn,mbùŋ
cows,bàmbùŋ,bàmbùŋ,bə̀mbɔ̀lɔ́,bàmbùŋ,bàmbùŋ,bàmbùŋ
Dog,ibí,ibǐ,bǐ,ibǐ,ìbʲè,ìbǐ
"Dogs ",ibí,ibí,ibí,ibí,ibí,íbí
"Horse ",kìkànyàm,kìkúm,kìkànyàm,kìkûm,kikwúm,kikwúm
Horses,"no response",bìkùm,"no response",bìkûm,bìkwùm,bìkwùm
"Rat ",kìŋkǔ,kìŋkǔ,kìnkwǒ,kìŋkǒ,kìŋkɔ̌,kìŋkô
rats,bìŋkǔ,bìŋkǔ,"no response",bìŋkǒ,bìŋkɔ̌,bìŋkô
"Fly ",kízaŋ,kìzə̀ŋ,kìzə̀ŋ,bìzə̀ŋ,kìzə̀ŋ,kìzə̀ŋ
flies,bìzə̀ŋ,bìzə̀ŋ,bìzə̀ŋ,bìzə̀ŋbì,bìzə̀ŋ,bìzə̀ŋ
"Cockroach ","No response","No response","No response",bífá’á,kífá’á,kífá’á
cockroaches,"No response","No response","No response",bífá’ábǐ,bífá’á,bífá’á
"Maggot ",wàtsìtúbú,"no response",bíywǎn,bíyûn,kíyûn,kíyûn
Maggots,"no response","no response","no response",bíyûnbǐ,bíyûn,bíyûn
"Lizard ",ífʲámú,"no response","no response",ibambwà’à,kìbwà’à,fìmbɛ̌n
Lizards,"no response","no response","no response",bambwà’àwǐ,bìbwà’à,mùmbɛ̌n
"Frog ","No response","No response",kìgbákún,kìgbákún,kìgbákún,kìgbákúŋ
Frogs,"No response","No response","no response",bìgbákúŋ,bìgbákúŋ,bìgbákúŋ
Louse,bə̀kàlàmbáŋbó,əŋkràgbáŋ,əŋkràgbáŋ,ə̀ŋkə̀lə̀mbáŋ,əŋkràgbáŋ,
lice,m̀kàlàmbáŋ,bàkàlàgbá,màkràgbáŋ,ə̀ŋkə̀lə̀mbáŋbû,məŋkràgbáŋ,
"Bird ",kímwǎkí,"no response",kímwǎn,kímwǎ,kímwǎ,kǐmwǎ
"Birds ","no response","no response","no response",bímwǎ,bímwǎ,m̀mwă
"Fish ",ìshàbíyə́ŋ,ìshàbíyə́ŋ,ìshàbíyə́ŋ,ìshàbíyə́ŋ,ìshàbíyə́ŋ,ìshàbə̀yə́ŋ
"Fish ",ìshàbíyə́ŋ,ìshàbíyə́ŋ,ìshàbíyə́ŋ,ìshàbíyə́ŋ,ìshàbíyə́ŋ,ìshàbíyə́ŋ
"Termite ","No response","No response","No response","Same appellation as in Pidgin English ‘ngo’",kíndɛ̌,kìdwə̂n
"Termites ","No response","No response","No response","Same appellation as in Pidgin English ‘ngo’",bíndɛ̌,bìdzwə̂n
"Hawk ",kítsɔ̀kì,"no response",tàŋwʉ̀lě,fíntàŋ,fwíntàŋ,fíntàŋ
"Hawks ","no response","no response","no response",mùntàŋmǔ,mùntàŋ,mùntàŋ
"Bee ",kíyǔyí,íyɔ̀,íyɔ́’ɔ́,íyɔ́’ɔ́,íyɔ́’ɔ́,ìyɔ̌
"Bees ","no response",kíyɔ́’ɔ́lə́,kíyɔ́’ɔ́lə́,kíyɔ́’ɔ́líkî,kíyɔ́’ɔ́lə́,kíyɔ́’ɔ́lə́
"Cocoyam ",bìnsîbí,kìŋfí,kìŋfí,bə̀kǎbà,kíyǔ,kǐmfí
"Cocoyams ","no response",bə̀ŋfí,bə̀ŋfí,bə̀kǎbàbǔ,bíyǔ,bìmfí
"Corn ",ídzá’á,ídzá’á,ídzá’á,ídzá’á,ídzá’á,ídzá’á
"Corns ",ádzá̀’á,ádzá̀’á,ádzá̀’á,ádzá̀’áwû,ádzá̀’á,ádzá̀’á
"Meat ",ìshà,ìshà,ìshà,ìshà,ìshà,ìshà
meats,íshá’à,íshá’à,íshá’à,íshá’àwû,íshá’à,íshá
"Potato ",kə̀làŋà,kə̀làŋà,kə̀làŋà,bə̀làŋà,òlàŋà,òlàŋà
potatoes,bə̀làŋà,bə̀làŋà,bə̀làŋà,bə̀làŋə̀bʉ̂,bə̀làŋà,bə̀làŋà
"Plantain ",kíwúm,kíwúm,kíwúm,biwúm,kíwúm,kíwúm
plantains,biwúm,biwúm,biwúm,biwúmbǐ,biwúm,biwúm
"Garden egg",kìtsùŋ,"no response",kìtsùŋnə̌bə̀,bìtsùŋ,kìtsùŋ,kìdzùŋ
"Garden eggs ",bìtsùŋ,"no response",bìtsùŋnə̌bə̀,bìtsùŋbǐ,bìtsùŋ,bìdzùŋ
Groundnut,kìtsɔ̀ŋbə́,kìtsɔ̀ŋbə́,kìtsɔ̀ŋbə́,bìstɔ́ŋbə́,kìtsɔ̀ŋbə́,kìtsɔ̀ŋbə́
Groundnuts,bìstɔ́ŋbə̀,bìstɔ́ŋbə̀,bìstɔ́ŋbə̀,bìstɔ́ŋbə́bî,bìstɔ́ŋbə̀,bìstɔ́ŋbə̀
Egusi,ntsítwǎ,fìntwǎn,fìntswǎ,íntsɨ̀ntwâ,fìntwǎ,fíntswítswá
Egusi,ántsítwǎ,mùntswán,ántsítwǎ,ìntsɨntwâmɨ́,ántsítwǎ,bíntswítswá
"Food ",bìdzə̀lə́,bìdzə̀lə́,bìdzə̀lə́,bìdzə́tlə̂bǐ,bə̀mʉ̀m,búmɔ̌m
food,"no response","no response","no response","no response",àmʉ́m,búmɔ̌m
"Huckle berry",kǐtám,kǐtám,kǐtám,bǐtám,kǐtám,kǐtám
Huckleberries,bìtámbí,bìtám,bǐtám,bǐtámbî,bǐtám,bǐtám
"Mushroom ","Same as in pidgin English ‘kokombiako’",kítámíyàŋ,kítúŋbə̀,kítámíyàŋ,kítámíyàŋ,kítámíyàŋ
mushrooms,"Same as in pidgin English ‘kokombiako’",bitámíyàŋ,bə̀túŋbə̌,kítúŋbə̀,kítámíyàŋ,bítámíyàŋ
"Pot ",útúŋwú,útsùŋ,fìsàŋ,ùtsùŋ,útsùŋ,útsǔŋ
pots,áǹtsúŋwú,áǹtsúŋ,"no response",ùtsùŋsə́,áǹtsúŋ,ìtsǔŋ
"Salt ",mbɨ́nə́wú,mbɨ́nə́,mbɨ́nə́,mbɨ́nə́,mbɨ́nə́,mbɨ́nə́
"Salt ",mbɨ́nə́wú,mbɨ́nə́,mbɨ́nə́,mbɨ́nə́,mbɨ́nə́,mbɨ́nə́
"Oil ",ŋkómǔ,ŋkó,ŋkwó,áŋkó,áŋkó,áŋkǒ
"Oil ",ŋkómǔ,ŋkó,ŋkwó,áŋkó,áŋkó,áŋkǒ
Orange,àlèmǔ,òlèmó,òlèmó,lèmə́,òlèmə́,òlèmə́
"Oranges ",bàlèmə́,bàlèmə́,bàlèmə́,bàlèmə́wû,bàlèmə́,bàlɛ̀mə́
Banana,kíwúmkí,kíwúm,kíwúm,kíwúm,kíwúm,kíwúm
"Bananas  ",bíwúmkí,bíwúm,bíwúm,bíwúmbǐ,bíwúm,bíwúm
"Sugar cane",ìdzàŋtɛ́lə́,ídzáŋ,ídzáŋté,kízáŋté,ízáŋté,záŋté
"Sugar canes ",kízáŋté,kízáŋté,kízáŋté,kízáŋtéké,kízáŋté,kízáŋté
"Basket ",ìkì,ìkǐ,ìkǐ,ìkì,ìkǐ,ìkǐ
"Baskets ",kíkílə̂,kíkílə̂,kíkílə̂,íkílíkî,kíkílə̂,kíkílə̂
"Mortal ","no response","no response",kìgpúŋnɨ́mə́,tǔtû,ùtǔtû,mɔ́tà
mortals,"no response","no response","no response",ùtǔtû,bàtǔtû,bàmɔ́tà
"Compound ",ámápfʲa,útsúm,mfʲǎmə́,útsúŋ,útsúŋ,fáŋkǔnə̌
"Compounds ","no response",kítsúŋə́,"no response",kítsúŋə́kî,kítsúŋə́,bàfáŋkwúnə̀
"House ",úpwè,ə̀pwè,úpwě,úpwǐ,úpwè,úpkwé
"Houses ",kìpwêlə́,kìpwêlə́,kìpwêlə́,kìpwǐkǐ,kìpwêlə́,bíkpwé
"Door ",kíwákɛ́,fánpwè,kìfánə́kíwɔ́’ɔ́,kìfànkíwɔ́’ɔ́,ùfánə́wɔ́’ɔ́,fáníwɔ́’ɔ́
"Doors ","no response","no response",ikìfánə́kíwɔ́’ɔ́,kìfàkníwɔ́’ɔ́kǐ,ìfàníwɔ́’ɔ́,àfáníwɔ́’ɔ́
"Barn ",ásá’á,"no response",úsɔ́’ɔ̀wú,úsɔ́’ɔ̀,úsɔ́’ɔ̀,úsɔ́́ɔ́
"Barns ","no response","no response",kísɔ́’ɔ́lɔ̀,kísɔ́’ɔ́kî,kísɔ́’ɔ́lɔ̀,"ásɔ́ ɔ́"
"Ladder ",úkɔ́’ó,ɔ́kú,úkɨ̂nə́,úkɨ̂nə́,ùtsə́lə́,ùkwɨ́nə́
"Ladders ","àkɔ̀ ̀ò",ákú,úkɨ̂nə́kî,úkɨ̂nə́kî,àǹtsə́lə́,íkwɨ́nə́
"Mat ",útsìlə́,"no response",kìbɔ́ŋkífɛ́,útsílə́,útsílə́,fə̀tsə́lə́
"Mats ",tsìlə́wû,"no response","no response",útsílə́,útsílə́,ítsə́lə́
"Bed ",kìnàŋbì,kínàŋ,kìnàŋ,bìkúŋ,kímwǎ,kìnàŋ
"Beds ",bìnàŋbì,bìnàŋbì,bìnàŋbì,bìkúŋbî,bímwǎ,bìnàŋ
"Box ","no response","Same appellation as in English ‘box’",nkɔ̀lɔmə̌,"no response",ùbè,ùbè
"Boxes ","no response","Same appellation as in English ‘box’","no response","no response",bàbè,bàbè
Cloth,kìbúŋ,kìbúŋ,kìbúŋ,kìbúŋ,kìbúŋ,kìbúŋ
clothes,bìbúŋ,kìbúŋ,bìbúŋ,bìbúŋbî,bìbúŋ,bìbúŋ
"Wooden spoon",kìkámkî,"no response",kìkám,kíkɔ́’ɔ́,kìkám,kíkám
"Wooden spoons ",bìkámkí,"no response",bìkám,kíkɔ́’ɔ́,bìkám,bíkám
"Knife ",úshíwû,ìsə̀ŋ,ùshǐ,ùshǐ,ùshǐ,úshȋ
"Knifes ","no response",àsə̀ŋ,kíshîlə̂,ùshǐ,kíshîlə̂,áshȋ
Cutlass,kìdɛ́mə́kí,kìdɛ́,kìdɛ́,kìdɛ́,kìdɛ́,kìdɛ́
"Cutlasses ","no response",bìdɛ́,bìdɛ́,bə̀dɛ̂bə́,bìdɛ́,bìdɛ́
"Chair ",ŋkànə̀,kə̀gpə́ŋnə́,ŋkànə̀,ŋkànə̀,ŋkànə̀,ŋkànà
"Chairs ",bàŋkànə̀,"no response",bàŋkànə̀,bàŋkànə̀,bàŋkànə̀,bàŋkànà
Person,bə̀nʲàbɨ́,ùnǔ,ùnǔ,ùnǔ,ùnǔ,ùnǔ
"People ","no response",bə́nɛ̂,bə́nɛ̂,bə́nɛ̂,bə́nɛ̂,bə́nɛ̂
"Father ",tsʲǎ,tǐ,ìtǐ,"no response",bòbá,tǐ
"Fathers ",bə̀tsʲǎ,"no response","no response","no response",bàbòbá,bàtǐ
"Mother ",nʲâ,ní,ìnîmə̀,nʲâ,nʲâ,ní
"Mothers ",bàní,bàní,bàníme,bàní,bàní,bàní
"Child ","wǎù ",wɔ̌bàlə̌,wə̀bʲə̀ŋ,"wǎù ",wʉ̀,wá
"Children ",bàbʲàŋ,bàbʲàŋ,wɔ̀bʲə̀ŋbû,bàbʲàŋ,bàbʲàŋ,bàbʲàŋ
"Woman ",ùtsùlú,ùtsùlə́,tshə̀mə̌,ùtsùlə́,ùtsùlə́,ùtsùlə́
"Women ",bátsúlə́,bátsúlə́,"no response",bátsúlə́,bátsúlə́,bátsúlə́
"Man ",nùyúŋɔ̀ŋ,nùnyù’ú,nɔ̌mə̌,ùnǔ,ùnǔ,"nùnyú ́ú"
"Men ","no response","no response",bánɛ̂,bánɛ̂,bánɛ̂,"bànyú ́ú"
"Boy ",wɔ̀’ùnyúŋû,wɔ̀nyú’ù,wɔ̀mə̀,"no response",wɔ̀nyú’ù,"wànyú ́ú"
"Boys ","no response","no response","no response","no response",àbʲáŋbànyú’ú,"bə̀bʲáŋ bə́nyú ́ú"
"Girl ",wàwùtsùlə́,wùtsùlə́,wùtsùlə́mə̀,"no response",wùtsùlə́,wùtsùlə́
"Girls ",ábʲáŋbátsúlə́,bátsúlə́,"no response","no response",ábʲáŋbátsúlə́,bʲáŋbə́tsúlə́
"Thief ",nǔdzǐlə̌,nǔdzǐlə̌,nǔdzǐlə̌,"no response",nǔdzǐlə̌,ùdzìlə́
"Thieves ",bànǔdzǐlə̌,bànǔdzǐlə̌,bànǔdzǐlə̌,"no response",bànǔdzǐlə̌,bə́dzílə́
"Go ",tə̀dzá,tə̀dzá,tə̀dzâ,tə̀dzá,tə̀dzá,tsĕ
"Come ",tù,tù,tù,tù,tù,tù
"Sit ",nywàsá,nywàsɨ,nywɔ̀sá,nywàsá,nywɔ̀sɨ̂,nyàsá
"Stand ",nywàsɨ,bíyí,bìyí,bìyí,bí’í,bìyí
Carry,tɔ̀yí,tóyí,tɔ̀yí,tóyí,gàŋyî,tɔ̀
Dance,mùŋná,mùŋ,múŋnə́,mùŋnǎ,mùŋnǎ,mùŋ
"Run ",yɔ́’ɔ́ná,yɔ́lə́,yɔ́’ɔ́,yɔ́’ɔ́,yɔ́’ɔ́,ywə̀lə́
Sleep,gwɔ̀nsá,gwɔ̌n,gwɔ̌nsə́,gwɔ̌n,gwɔ̌n,gwə́n
Cook,dzǐná,dzǐ,dzìkwúnə́,dzǐ,dzǐ,dzǐ
eat,"dzɨ̀ ",dzɨ̀,dzə̌kwúnə́,dzɨ̀,zə̌,dzɨ̌
"Sing ",yámnə́,yám,"no response",yámnə́,yámnə́,yám
climp,bwàyíná,bwɔ̌,bɔ̌yínə́,bwɔ̌,bwɔ́ə,dǐ
"Fry ",fə̀nə́,fǎ,tshə̀kwúnə́,fǎ,fâ,tsĕ
clear,fúŋyǔyáŋ,fʉ̀n,fʉ̀nnə̀,fʉ̀n,fʉ̀n,úfə́n
"Tie ",kàsɨ̀kǔ,kì’í," kàsɨ̀kǔ",kàsɨ̀kǔ,kàsɨ̌,kàsɨ́
"Jumb ",tàbì,twádzídzà,twǎ,tàbì,tə̀bí,"twà ̀á"
talk,biàŋ,biàŋ,biàŋ,biàŋ,biàŋ,bʲȃŋ
untie,shàbàsànǎ,shwǒ,shwàbɨ́sə̀ŋ,shwàsâ,shwàsâ,shwă
"Rest ",wùfə̀mɨ́,kɨ́lɛ́mə́,wùsə̀mɨ́,wùfə̀mɨ́,wùfə̀mɨ́,wɔ̀fə́
"Count ",bàlànâ,bàlə́,bàlə́,bàlə́,bàlànâ,bàlə́
Cry,dǐ,dǐ,dǐ,dǐ,dǐ,dǐ
Laugh,shà’á,shà’á,shà’á,shà’á,shà’á,shà’á
Pick,bɔ́ŋyí,màyí,bɔ́ŋyí,bɔ́ŋyí,bɔ́ŋyí,búŋyí
Steal,nǔdzǐdzì,dzǐ,dzǐlə́,dzǐlə́,dzǐ,dzǐ
Clap,kàbànàŋ,kàmɨ̌kə̀ŋ,kàmsə́,kàmɨ̌kə̀ŋ,kàmɨ̌,kàmə̀
Shoot,"no response",tàm,tɨ̀mnə̀,"no response",dzǔ,tám
Sweep,"no response",kúmfá,kə̀mfɨ́,"no response",mífə̂,shí
Wipe,nshǐ,shǐ,shà’àfə́nɨ́,nshǐ,shǐ,mífə́
Rinse,wùfə̀yí,láŋá,lìbə̀ŋnǎbíŋ,"no response",láŋmə́sɨ́,làŋbə́fə́
Listen,wè,wè,wèdzùŋ,wè,wè,wè
Wash,wù,wù,wùsə̀,wù,wù,wǔ
call,bàŋ,bàŋ,bàŋnə́,báŋ,báŋ,báŋ
read,bàŋkə̀,bàŋ,bǎŋ,báŋ,bàŋnə́,báŋ
"Pray ",bàŋtsə́lə̀,bàŋtsɨ́ŋkìgbwə̀m,bàŋtsàŋ,bàŋtsə́lə́,bàŋtsə́lə́,bàŋtsə́lə́
Return,kàmtú’ù,fʲátù,kàmtɨ̀,fʲátù,fʲɔ́lə̂,kámdzá
"Rub ",fə̀sɨ́,fə̀sɨ̀,fə̀sɨ́,fə̀sɨ́,fə̀sɨ́,fə̀sɨ́
Peel,wʉ̀nsə́,wʉ̀nsə́,wʉ̀nsə́,wʉ̀nsə́,wʉ̀nsə́,wə̌n
"Kick ",tî,tì,tǐnə́,tǐnə́,tì,tǐ
Keep,wàsá,wàdzà,wàsá,wàsá,wàsâ,wàsá
Beg,mbú’úmbú,"no response",bɔ́ŋnə́,"no response",bù’ùnə̌,ŋkàmə̀
"Swim ",sî,"no response",sînə́,"no response",sî,sî
"Hunt ",íbʲǎmnə́,bʲám,"no response","no response",kúŋ,kúŋ
"To work ",nɔ̌m,nɔ̌m,nɔ̌m,nɔ̌m,inɔ̌m,nɔ̌m
"Buy ",làtsìwá,wà’à,wà’à,wà’à,wà’à,"wà ́à"
"To imitate",fùkɔ̀mǎ,"no response","no response","no response",fàlə̀nə́,fànè
"Sell ",m̀pfwànyìyáŋ,fwǎ,fwàná,fwə̌,fwə̌,"fwà ́à"
"To announce","no response",tsidaǐná,ndwə̀lɨ́nə́,"no response",dɛ̀shě,làŋnə̀
"To light",ngúsùwû,bɨ́lə́,bílə́,bílə́,bílə́,bǐlə́
Sky,ùmwù’ùmwà,ùbwúlɔ̀,"no response",ùbwúlə̌,ùbwúlə̌,kìmbɛ̀
Sky,ùmwù’ùmwà,ùbwúlɔ̀,"no response",ùbwúlə̌,ùbwúlə̌,bìmbɛ̀
"Sun ",úwɛ̌,úwɛ̌,wɛ̀,úwɛ̌,úwɛ̌,"úwá ́á"
"Sun ",úwɛ̌,úwɛ̌,wɛ̀,úwɛ̌,úwɛ̌,"úwá ́á"
Moon,ùmùmwà̀’à,"no response",ídwánɨ́kî,"no response",mə̀mwà̀’à,ùwɛ̀
Moon,ùmùmwà̀’à,"no response",ídwánɨ́kî,"no response",mə̀mwà̀’à,uwɛ̀
star,úgbwá’á,kìfùfù,úgbwá’á,úgbwá’á,úgbwá’á,"fìmwà á"
Stars,úgbwá’á,kìfùfù,úgbwá’á,úgbwá’á,úgbwá’á,"mə̀mùmwà ́á"
Dust,ìbù,ìbù,ìbù,ìbù,ìbù,kízə́mə́
Dust,ìbù,ìbù,ìbù,ìbù,ìbù,kízə́mə́
"Yesterday ",nshíwú,"no response",tǎwú,"no response",àntǎ,àntsí
"Yesterday ",nshíwú,"no response",tǎwú,"no response",àntǎ,ànstś
"Night ",bətà,bùtǎ,bùtǎ,bətà,bùtǎ,bútà
Nights,bətà,bùtǎ,bùtǎ,bətà,bùtǎ,bùtà
"Now ",nyá,nyá,ngúŋkwâ,bətà,ngǔŋkwâ,ǹkǔŋkwă
"Now ",nyá,nyá,ngúŋkwâ,bətà,ngǔŋkwâ,ǹkǔŋkwă
"Afternoon ",àshíkʲa,"no response",ínɔ̌mnə́,"no response",ínɔ̌mnə́,ínɔ̌mnə́
Afternoons,àshíkʲa,"no response",ínɔ̌mnə́,"no response",ínɔ̌mnə́,ínɔ̌mnə́
Week,úpwǔ,ùpwú,pwô,ùpwú,ùpwǔ,ókpwó
Weeks,úpwǔ,ùpwú,pwô,ùpwú,ùpwǔ,íkpwó
"Morning ","no response",ndzìntsǐ,bètɨ̀tǎ,"no response",ndzìntsǐ,ntsí
"Mornings ","no response",ndzìntsǐ,bètɨ̀tǎ,"no response",ndzìntsǐ,ntsí
"Year ",nɔ̀m,"no response","no response","no response",nɔ;m,ìnyɔ̀m
Years,bə̀nɔ̀m,"no response","no response","no response",bə̀nɔ̀m,ányɔ̀m
"Darkness ",ìfǔyíkú,bùtǎ,ìfwě,"no response",bùtǎ,kífwɔ̀m
"Darkness ",ìfǔyíkú,bùtǎ,ìfwě,"no response",bùtǎ,kífwɔ̀m
"Fat ",nám,tsɨ̀ŋə́,ìtsɨ́nmə́,nàmnə̀,nàmnə̀,ìnàmnə̀
"Small ","bìsǐtsɨ̀ŋ /átswɨ́tswàlà",tɨ̀ŋtɨ̀ŋ,ìtsɨ́nmə́,nàmnə̀,ìtsɨ́nmə́,bìtə̀ŋə̀
"Tall ","bìsǐtsɨ̀ŋ /átswɨ́tswàlà","no response","no response",bìsîlə́,ídə́fə́
Short,"àdɔ̀fɔ̀ ",ndə̀fɨ̀,ndə̀fɨ̀,ndə̀fɨ̀,ndə̀fɨ̀nə̀,fwídə́
Many,àdə́,"no response",fǐdə́lə́,fǐdə́lə́,bídə́lə́,kídúlə́
Clean,àbú,kìbǔlə̀,kíbǔlə̀,íbǔlə̀,íbǔlə̀,kíbǔlə̀
Dirty,àywɔ̀,ìkwùbə̌,ìkwùbə̌,ìkwùbə̌,ìkwùbə̌,ìtsə̀nsə́
"Market ",ìshì,íshě,ìshì,ìshì,ìshì,ìshǐ
"Markets ",kìshìlə̀,"no response",kìshìlə̀,kìshìlə̀,kìshìlə̀,áshǐ
Cap,ìtsàm,"no response",ìtsàm,ìtsàm,ìtsàm,ìtsàm
"Caps ",kɨ́tsámnə́,"no response",kɨ́tsámnə́,kɨ́tsámnə́,kɨ́tsámnə́,kɨ́tsámnə́
Shoe,bípwɛ̀,bípwɛ̀,kípwɛ̀mə́,bípwɛ̀,kípwɛ̀,kípwɛ̀
"Shoes ",bìpwɛ̀,bípwɛ̀,bípwɛ̀,bípwɛ̀,bípwɛ̀,bípwɛ̀
Umbrella,kɨ́mbàkî,kìbə́g’ə́,kìmbɛ́mə́,"no response",kìmbɛ́,kìmbɛ́
umbrellas,"no response","no response",bìmbɛ́,"no response",bìmbɛ́,bìmbɛ́
"Money ",úkpwú,úkpwú,úkpwú,úkpwú,úkpwú,úkpwó
"Money ",úkpwú,úkpwú,úkpwú,úkpwú,úkpwú,úkpwó
"Sickness ",ìbwá,ìbwá,ìbwá,ìbwá,ìbwá,ìbwá
sicknesses,kíbwánə́,kíbwánə́,kíbwánə́,kíbwánə́,kíbwánə́,kíbwánə́
Cough,kǐsúŋ,kǐsúŋ,kǐsúŋ,kǐsúŋ,kǐsúŋ,kísúŋ
Cough,kǐsúŋ,kǐsúŋ,kǐsúŋ,kǐsúŋ,kǐsúŋ,kǐsúŋ
Vomit,nànnə̀,ìyànə̀,nànnə̀,nànnə̀,nànnə̀,nànnə̀
Vomit,nànnə̀,ìyànə̀,nànnə̀,nànnə̀,nànnə̀,nànnə̀
Wound,ìbə̀sɨ́mə̀,"no response",ìbə̀sɨ́,ìbə̀sɨ́,ìbə̀sɨ́,ìdzə̀sɨ́
Wounds,"no response","no response","no response",kíbə́ŋsɨ́,kíbə́ŋsɨ́,àdzə̀sɨ́
Medicine,bùtù,bìtɔ̀,bùtɨ̌,bìtɔ̀,bùtù,bùtò
Medicines,ántú,ántú,ántú,ántú,ántú,ántó
"Drum ",úkwà,"no response",ùkwǔ,úkwà,úkwà,úkwà
Drums,íkwà,"no response",íkwà,íkwà,íkwà,íkwà
Rattle,kɨ̀tsàtsà,títà̂ŋ,kɨ̀tsə̀tsà’à,títà̂ŋ,títà̂ŋ,kìtàŋ
"Rattles ","no response",bìbwàŋ,"no response","no response",bìtàn,bìtàŋ
"Spear ",ìyùŋwú,ìyùŋ,ìyùŋ,ìyùŋ,ìyùŋ,íyûŋ
Spears,kíyûnə́,kíyûnə́,kíyûnə́,kíyûnə́,kíyûnə́,kíyûnə́
Gun,úgwə̀sù,ígwə̀sɨ̀,úgwə̀sɨ̀,úgwə̀sɨ̀,úgwə̀sɨ̀,úgwə̀sɨ̀
Guns,ígwə̀sɨ̀,ígwə̀sɨ̀,ígwə̀sɨ̀,ígwə̀sɨ̀,ígwə̀sɨ̀,ígwə̀sɨ̀
Bag,"ùbè ",bè,bèmə̂,bè,"ùbè ","ùbè "
"Bags ",bàbè,"no response","no response","no response",bàbè,"ùbè "
Belt,kìnàŋmákî,"no response",ìnə̀ŋə̀mə̌,ìtə̀ŋ,ìtə̀ŋ,fìndáŋ
"Belts ","no response","no response","no response",kìtə̀ŋnə̀,kìtə̀ŋnə̀,mùndáŋ
Thread,kə̀lásà,kìlásɨ̀,ìláshì,ìláshì,kìláshì,úgbwɛ́
Threads,bìláshì,bìláshì,bìláshì,bìláshì,bìláshì,igbwɛ́
Broom,úyàmǔ,ibiɛ́,úyúm,úyúm,úyúm,úyóm
Brooms,kíyúmnə́,"no response",kíyúmnə́,kíyúmnə́,kíyúmnə́,kíyómnə́
Hoe,nkwɔ̀mǔ,nkwɔ̀m,nkwɔ̀m,"no response",nkwɔ̀m,nkwɔ̀m
"Hoes ",bànkwɔ̀mù,bànkwɔ̀m,bànkwɔ̀m,"no response",bànkwɔ̀m,bànkwɔ̀m
Comb,kìnshʲamákî,kìnfə̀sə̀,kìnfǎmə́kî,kìnshə̀’ɛ̌,kìnshə̀’ɛ̌,kìnshə̀’ɛ̌
"Combs ","no response","no response","no response","no response",bìnshə̀’ɛ̌,bìnshə̀’ɛ̌
Ring,"no response",nshé,nshènə̌,nshé,nshé,nshé
"Rings ","no response",bànshé,bànshé,bànshé,bànshé,bànshé
Snuff,útɛ̀,útɛ̌,útɛ́,útɛ́,útɛ̀,útɛ̀
Snuff,útɛ̀,útɛ̌,útɛ́,útɛ́,útɛ̀,útɛ̀
Woodash,úbûbû,úbúŋ,bwùbwú,"no response",àmɨ́mbwɔ́,àmɨ́mbwɔ́
Woodash,úbûbû,úbúŋ,bwùbwú,"no response",àmɨ́mbwɔ́,àmɨ́mbwɔ́
Smoke,nyámú,mù,nyǎ,"no response",ányám,ányám
Smoke,nyámú,mù,nyǎ,"no response",ányám,ányám
Firewood,úkwàwu,úkwà,úkwà,úkwà,úkwà,úkwà
Firewood,íkwàwú,íkwà,íkwà,íkwà,íkwà,íkwà
