,,KUNG,,,,,
,,,,,,,
WORDLIST,"Speaker A from Ajumbu-Male","Speaker B from Ajumbu-Female","Speaker C from Ajumbu-Male","Speaker D from Koshin-Female","Speaker E from Naki-Female","Speaker F from Ajumbu, Female","Reference Wordlist in Kung  Male"
,"FILE NAME","FILE NAME","FILE NAME","FILE NAME","FILE NAME","FILE NAME","FILE NAME"
,QAT125,QAT126,QAT138,QAT170,QAT143,QAT120,QAT130
Head,kə́tú,kə́tú,kə́tú,kə́twú,túghə́,kə́tú,kə́tú
"Heads ",útù,"útwú ","útú ","útwú  ","túwə̂ ",útú,útú
," ",,,,," ",
Eye,ìsî,ə̀sî,ísî,ísî,sî,ísí,ísî
eyes,"ásî ","ítsî ","sǐghə́ ","áshí ","sísə́ ",ə́sí,ásî
,,,,,," ",
Ear,"no response",kə́túŋə́,kə́túŋé,kə́tùŋnə́,tùŋə̀,kə̀tǔŋə́,kə́túŋə́
ears,útùŋə́,útûŋə̀,túŋə́kə́,útûŋə́,"túŋə̀wə̂ ",útǔŋə́,útúŋə́
,,,,,," ",
,,,,,,,
"Mouth ",ítsə̂,ítsɨ̂,àtsí,ə́tsɨ̂,tsɨ́,ítsə́,ítsɨ̂
mouths,"no response",ítsɨ̂,tsɨ̂ghə̂,útsʉ̂,tswʉ̂,ə́tsə́,átsɨ̂
,,,,,," ",
Nose,mbó’wǐ,kə́wî,mbùwî,mbù’ùwî,"No response",íwí,íwí
noses,"no response",ùwɨ̂,mbwûwí,mbù’ùwî,,ə́wí,ə́wí
,,,,,,,
,,,,,,,
" Hand","kə́pwə̂ mɔ́ wɔ̌",kə́wú́́́́́́́́́́́́́́́́́́́́́́́́́́́́́́́́́́́́́́́́́́́́́́́́́́́́́́́́́́́́́́́́́́́́́́́́́́́́́́́́́́́́́́́́́́́́́́́́́́́̂,kpwékə́,kə́wú,"No response",kə́wú,kə́pwê
hands,,úkpwɛ̀,úpwé,kə́wú,,ə́wú,ə́pwê
,,,,,,,
,,,,,,,
Body,ɔ̀wǐ,wîwə́,ə́wî,íwî,úwɔ̌,úwê,úwê
bodies,"no response",ùwû,ùwî,"No response",wɔ́iwə́,áwê,wéŋghʉ̌m
,,,,,,,
,,,,,,,
Leg,kə́wʉ̌,wʉ́kəikə̂,fwékə́,kə́fwé,fwê,kə́ẃə́l,kéfwê
legs,"no response",ùwúl,ùfwê,úfwé,fwênə́,sə́fwê,ə́fwê
,,,,,,,
Neck,úmê,úmíwə̀,m̀mê,úmě,mbè,ùmê,úmê
necks,m̀mê,ùmê,úmê,úmê,mbésə̀,sə́mê,m̀mê
,,,,,,,
Shoulder,ùba’a,kə́kíkɛ́kə̂,kə́kíkə̂,kékíkî,"No response","mbè́ ̀è",mbé’è
shoulders,"no response","no response",ùkíkî,úkík̂,,"sə̀mbè ̀è",sə̀mbé’è
,,,,,,,
Stomach,únə̂,únɛ̌wɔ̀,únə̌,únɛ̂,únɛ̌,únə̂,únə̌
stomachs,mně,ùnɛ̀,únə̌,únɛ̂,ǹnə̂m,"No response","mně "
,,,,,,,
Finger,waiwɔ̀,waifɨ́wúfə́,wáfə́wùfə́,waifɨ́wófə́,"No respons",waifɨwúfə́,wàwúké
fingers,"no response",wáwû,wainə́mə́wʉ̀m,wétə́mə́wʉ̂m,,kainə́mə̀mwʉ̌m,wáwû
,,,,,,,
Jaw,kə́bɔ̀ŋ,bɔ̀ŋkə́ikə̀,mbɔ́ŋɔ̀,kə́bɔ̀ŋ,bɔ̂ŋ,kə́bɔ̂ŋ,kə́bɔ̀ŋ
jaws,ùbɔ̀ŋ,úbɔ̀ŋ,úbɔ̀ŋ,úbɔ̀ŋ,bɔ̂ŋsə̀,úbɔ̌ŋ,sə́bɔ̀ŋ
,,,,,,,
Knee,fɨ̀ŋí,nyíjzɛ̂,nyiʉ̌,ə́kə́ŋnə̌,ŋgùg,índzəs,ínyí
knees,"no response",ùnyi,únyî,sə́kə́ŋlə́,ŋgʉ̀ŋə̌,"No response",ə̀nyí
,,,,,,,
tooth,ɔ̀sɔ̀ŋ,sɔ̀ŋghɛ̌,sɔ́ŋ,ísɔ̀ŋ,sɔ̀ŋɔ̀,isɔ̂n,ísɔ́ŋ
Teeth,ə̀sɔ́ŋ,usɔ̌ŋ,úsɔ́ŋ,úsɔ̀ŋ,sɔ̀ŋɔ̌,ə̀sɔŋ,ə̀sɔ́ŋ
,,,,,,,
buttocks,ísás,sászɛ̂,sásí,ísás,sás,ísás,ísás
buttocks,ásás,úsás,ùsásí,sásə́,sásə́,ə́sás,àsás
,,,,,,,
Breast,ághé,ghɛ́zɛ̂,úghê,íghə́,ghé,íghai,íghɛ̂
breats,"no response",úghè,ghě,ághí,ghésə́,ə́ghai,ə́ghɛ̂
,,,,,,,
one,mɔ̀,mɔ̀,mɔ̀,mwɔ̀,mʉ̀,mɔ̀,mɔ̀
,,,,,,,
two,bə̀,bə̀,bə̀,bègə̀’ə̀,bə̀gə̀’ə̀,"begə ̀ə̀",bə̀gə̀’ə̀
,,,,,,,
three,tɨ́,tɨ̌,tɨ,tɨ̂,tɨ́,tə̀,tə́
,,,,,,,
"Four ",kwə̀kə̀,kwə̀kɔ̀,kiə̀kə́,kiə̀kə̀,tə́ghə́,tsə̀kə̀,kʲə̀
,,,,,,,
"Five ",tài,tài,tài,tài,ítái,tài,tài
,,,,,,,
"Six ",tùfɨ́,tùfə́,tùfə́,túfə́,tùfú,tǔfə́,tǔfə́
,,,,,,,
,,,,,,,
"Seven ",sɨ̀mə́,sɛmbê,sə̌mbê,sɛ̌mɛ̂,ìsêmbê,sə̀ghə̀mbɛ́,sɛ̌mbɛ̂
,,,,,,,
Eight,fámə̀,fàmə́,fámə̂,fámə́,fámə́,fǎmə́,fɛ́mə́
,,,,,,,
,,,,,,,
"Nine ",bə́límɔ̀,bwúlúmɔ̀,bwʉ́lə́mɔ̀,búlûmɔ̀,bwɔ́lɔ́mò,bwólómɔ̀,bwɔ́lɔ́mɔ́
,,,,,,,
"Ten ",íghèm,íghə̌m,ghə̀m,íghə̂m,́íghə́m,íghə̂m,íghə̀m
,,,,,,,
Twenty,ʉ̀mbə̀,íghə̀mbə̀,ghə̀mbə̌,ghə̀mbɛ̀,ghèmb’ə̀,"ghə̀mbə̀gə̀ ̀ə̀",ghə̀mbà
,,,,,,,
"Thirty ",-ʉ̀mtə̂,ghə̀mtə̂,ghə̀mtɨ̂,ghə̀mtɨ̂,ghémtə́g’ə́,ghə̀mtɨ́ghə́,ghə̀mtɨ́
,,,,,,,
"Fourty ",ghə̀mkwìə̀kə̀,ghə̀mghiɔ̀kɔ̀,ghèmkʲekɔ̀,ghə́mkʲə̀,ghémtsə́kə̀,ghə̀mtsə̀kə̀,ghèmkiə̀kə̀
,,,,,,,
"Fifty ",ʉ̀mtaǐ,ghə̀mtai,ghə̀mtai,ghə̀mtái,ghə́mtái,ghə̀mtai,ghemtái
,,,,,,,
"Sixty ",ghə̀mtùfə́,ghə̀mtûfə́,ghə̀mtùfə̂,ghə̀mtúfə́,ghə́mtúfú,ghə̀mtǔfə́,ghémtúfə́
,,,,,,,
"Seventy ",ghə̀msɛ̀mbɛ̀,ghə̀msɛ̀mbê,ghə̀msêmbê,ghèmsɛ̌mê,ghə̂msêmbê,ghə̀msɛ̌mbɛ̂,ghə̀msěmbê
,,,,,,,
"Eighty ",ghə̀mfámə̀,ghə̀mfɛ́mə̌,ghə̀mfâmə̀,ghə̀mfâmə́,ghə́mfâmé,ghə̀mfâmə́,ghèmfɛ̌mə̀
,,,,,,,
"Ninety ",ghə̀mviəlímɔ̀,ghə̀mbwɨ́lɨ́mɔ̀,ghə̀mbwɔ́lɔ́mɔ̀,ghə̀mbwɔ́lɔ́mɔ̀,ghə̌mbwɔ́lómɔ̀,ghə̀mbwɔ̀lɔ́mɔ̀,ghə̀mbwɔ́lɔ́mɔ̀
,,,,,,,
"One hundred",ùghɔ̀,úwûkə́,"No response",úwû,sɔ̀,úwʉ̌,wʉ̌
,,,,,,,
"One thousand",kám,kám,kàm,kàm,kám,kàm,kàm
,,,,,,,
"Hill ",ʉbwà,mbwà,kɔ́,úkwɔ́’ɔ́,mbwá,"útɔ́ ̀ɔ́",mbwá
"Hills ",mbwá,mbwá,úkɔ́,sə́kɔ́’ɔ́,mbwásə́,"sə́kɔ́ ̀ɔ́",sɨ́mbwá
,,,,,,,
"River ",tsɨ̀ghà’a,tsɨ̀,tsɨ̀,tsɨ̌,tsɨ̌,tsə̌,tsɨ̌
"Rivers ",tsɨ́tsə̂,tsɨ́tsə̂,tsɨ̂sə́,tə́tsɨ̂,tə́tsɨ̂,sə́tsə̂,tə́tsɨ̂
,,,,,,,
"Water ",ùmùŋə̀,"no response",mwʉ̌m,mwʉ̀m,mwʉ̀m,ùmwɔ̌,mwɔ̂
,"no response",,,,,,
,,,,,,,
"Stone ",ùtsí,àtí,ə̀tí,ə́tsí,tí,ítê,ítî
stones,ítí,ítí,útí,ə́tî,tísə́,ə́tê,ə̀tî
,,,,,,,
"Road ",únʉ́m,ùnúm,núm,únûm,núm,únɔ̌m,únûm
"Roads ",únúm,únúm,númsə́,sə́núm,númsə̂,sə́nɔ́m,sə́núm
,,,,,,,
"Mud ",kə́tsá,kə́tsá,útsá,kə́tsá,"No response",kə́tsá,kétsá
,,,,,,útsá,útsá
,,,,,,,
"Bridge ",úlɔ̀ɔ,úlwɔ̀,ʉ̀lwʉ̌,úlwɔ̌,úlɔ̌,úlwɔ̌,úlwɔ̌
bridges,lwɔ̀wɔ̀,lwɔ̀wɔ̀,úlwʉ̌,sə́lwɔ̌,lɔ̌sə̀,sə́lwɔ̌,nlwɔ̌
,,,,,,,
"Wind ",kɨ́fə́f,kɨ́fə́f,zə̀ŋ,kɨ́fə́f,"No response",kɨ́fə́f,kífə́f
,,,,,,"ùfə́f ",
,,,,,,,
"Tree ",fə́kà,fə́kâ,fə́ká,ŋkǎmə̀,sɔ̂,fə́kǎ,fə́ká
trees,nkàmə̀,nkàmə̀,úkâ,ḿkámə̀,sɔ́m,mkǎ,m̀ká
,,,,,,,
"Grass ",úwə̌,kə́ghaǐ,ghě,kə́ghɨ̌n,kéghî,kə́ghai,kə́ghě
"Grasses ",úghə̀,úghə̀,ghěsə̀,úghɨ̌n,ghèkə̀,úghai,úghě
,,,,,,,
"Goat ",bə̀,bə́,brɨ̌,bʉ́,bʉ̀,bʉ́,bʉ̀
goats,sɨ́brɨ́,sɨ́brɨ́,brɨ́sə́,sə́bʉ̂,bʉ́sə́,sə́bʉ̌,sə̀bʉ̌
,,,,,,,
"Pig ",kə̀fɨ̀lə̀,kə̀pfɨ̀ndúŋ,kə̀pfɨ̀̌ndúŋ,kə́pfɨ̀nɨ́ŋ,kə́pfə̌ndúŋ,kə̀pfɨ̀ndúŋ,kə̀pfɨ̀ndúŋ
pigs,úpfə̀ndúŋ,úpfə̀ndúŋ,fwɨ̀ndúŋsə́,ùfɨ̀ndúŋ,ùfɨ̂ndúŋ,ùpfɨ̀ndùŋ,ùfɨ̀ndúŋ
,,,,,,,
"Cat ",fə̀tàmú,fə̀dàmú,fə́tàmû,fə̀tǎmú,"No response",fə̀tàmú,fə̀tàmú
cats,m̀dàmú,m̀dàmú,ùtàmù,m̀tàmú,,m̀tàmu,mtàmú
,,,,,,,
"Snake ",zʲə̀̀̀̀́́́́́́́́́́́́́́́́́́́́́́,zə̌,zɨ̌,zə̌,zə̀,zə̌,zə̌
snakes,sɨ́zᴶə̌,sɨ́zᴶə̌,zə̂sə̂,sə́zə̂,zə̀sə̌,sə́zə̂,sə́zə̂
,,,,,,,
"Cow ",mbɔ̀lɔ́,mbɔ̀lɔ́,mbɔ̀lɔ́,mbɔ̀lɔ́,mbɔ̀ŋ,mbɔ̀lɔ́,"mbɔ̀ŋ/ mbɔ̀lɔ́"
cows,sə̀mbɔ̀lɔ́,sə̀mbɔ̀lɔ́,mbɔ̀lɔ́sə̂,sə́mbɔ̀lɔ́,mbɔ̀ŋsə̀,sə̀mbɔ̀lɔ́,"sə́mbɔ̀ŋ/ sə̀mbɔ̀lɔ́"
,,,,,,,
Dog,bwʉ̀,əbú,ə̀bû,bú,bʉ́,bʉ́,bʉ́
"Dogs ",sə́bwú,sə́bwú,ùbû,sə̀bʉ́,bʉ́sə̀,sə́bʉ̌,sə́bʉ́
,,,,,,,
"Horse ",kə̀kə̀nyàm,kə́kɛ̀nyàm,"no response",kə́kînyàm,"No response",kə́kênyàm,kə́kínyàm
Horses,úkᴶə̀nyàm,úkᴶə̀nyàm,ùkínyàm,úkínyám,,úkênyàm,ùkínyám
,,,,,,,
"Rat ",kə́fʲʉ̀,kə̀fwɔ́n,fʉ̀lə̀fə̀,fə́fúlə̂,"No response",kə́fɔ́l,kə́fɔ́l
rats,,úfól,fúlúsə́,úfúlû,,úfɔ́l,úfwɔ̀l
,,,,,,,
"Fly ",-ʉ̀kə̀kə̀,ə̀kíkʲə̌,kə̀kʲə̌kʲə̌,ìkìkǐ,fə̀tsə̀tsə̀,kə̀kᴶə̀kᴶə̀,kə̀kᴶə̀kᴶə̀
flies,,útìtᴶə̌,ùkʲə̌kʲə̌,úkikî,,ùkᴶə̀kᴶə̀,ùkᴶə̀kᴶə̀
,,,,,,,
"Cockroach ",áfə́,"No response",kə́fwɔ́m,"No response"," No response",kə́fwóm,kə́fʉ́m
cockroaches,"no response",úfə́m,úfwɔ́m,,,úfwóm,úfʉ́m
,,,,,,,
"Maggot ",kə̀kùs,ə̀ukùs,ɔ̀kɔ̀lɔ̂,ùkùs,"No response",kúkǔs,kɔ̀lə̂
Maggots,úkǔs,úkǔs,ùkɔ̂lə́,úkús,,úkǔs,"sə́kɔ̀lə̂ "
,,,,,,,
"Lizard ","no response","No response",kə̀kɔ̌,"No response","No response",kə́kɔ̀,kə̀kɔ̀i
Lizards,,,kɔ̀isə̀,,,úkɔ̀,úkɔ̀i
,,,,,,,
"Frog ",kə̀tsàtə̀s,mə́kə̀tsàmkə̀s,kə̀tsàmkə̀s,"No response",kèstàmə̀kɔ̀,kə̀tsàm,kètsàmkə̀s
Frogs,kə̀tsàm,,ùtsàmkə̀s,,tsə̀mə̀kɔ̀,kə̀tsàm,ùtsàmkə́s
,,,,,,,
Louse,ʉ̀mkàlàwá,úsɔ̀ŋ,ùsɔ̀ŋ,ʉ̀kàlàŋmwâ,ùsɔ̀ŋ,"No response",kə́sɔ̀ŋ
lice,m̀kàlàmwâ,"no ",ùsɔ̀ŋ,m̀kàlàmwâ,ùsɔ̀ŋ,,úsɔ̀ŋ
,,response,,,,,
,,,,,,,
"Bird ",fɨ́nyə̀n,fɨ́nyə̀m,fɨ́nyəm,fɨ́nə́n,nyǐm,fɨ̀nyə̀m,fɨ̀nyə̌m
"Birds ",m̀nyə̀m,m̀nyə̀m,únyə́m,únə̌n,nyímə,m̀nyə̀m,m̀nyə̌m
,,,,,,,
"Fish ",kə̀mbɔ̀,kə̀mbwɔ̀,kèmbwɔ̌,kə́mbwɔ̌,kə́mbwɔ̌,sə́mbɔ̌,kə́mbwɔ̀’ɔ̀
"Fish ",ùmbwɔ̀’ɔ̀,ùmbwɔ̀’ɔ,úmbwɔ̌,ùmbwɔ̀’ɔ̀,ùmbwɔ̀’ɔ̀,"ùmbɔ̀ ̀ɔ̀",úmbwɔ̀’ɔ̀
,,,,,,,
"Termite ","no response","No response",kísə́,sə́kɨ́lə̌,"No response","No response",sə́kɨ̂
"Termites ",,,sə́kê,zə̀kílɨ̂,,,sə́kɨ̂
,,,,,,,
"Hawk "," kə́ghúm",kə̀ghǔm,"No response",fə̀lə̌n,"No response","No response",fə̀lə̌m
"Hawks ",,,,m̀lə̀n,,,"ǹlə̀m "
,,,,,,,
"Bee ",àsə̀zù,ə̀sə́zú,zù,zɨ̂,zû,zǔ,zǔ
"Bees ","no response","no response",zúsə́,sə́zɨ̂,zûsə́,sə́zú,sə́zú
,,,,,,,
"Cocoyam ",únàŋ,únàŋ,kə́nàŋ,kə́nâŋ,ùnàŋ,kə́naŋ,kénâŋ
"Cocoyams ","no response","no response",nǎŋkə̀,únâŋ,únàŋwə̀,únaŋ,únâŋ
,,,,,,,
"Corn ",àlùsɔ̀,sɨ́sɔ̀f,sə̀f,sə̀f,sə̀k,ísɔ̀f,ísèf
"Corns ",,,sə́sə̌f,sə́sə̀f,sə̀psə̀,sə̀sɔ̀f,sɛ́sə̀f
,,,,,,,
"Meat ",nyàm,ə̀nyàm,nyàm,nyàm,nyɨ̀m,nyàm,nyàm
meats,,,sə́nyâm,sə́nyâm,nyámsə́,sə̀nyàm,sə́nyâm
,,,,,,,
"Potato ",mvə̀tsɨ́,ə̀ndètshí,ndɛ̀tshí,ndə̀tsí,"No response",ndètshí,ndètshí
potatoes,"no response",sə̀ndètshí,ndə̀tshí,sə̀ndètshí,,sə́ndètsí,sə̀ndètshí
,,,,,,,
"Plantain ",ngɔ̀m,kə́fə̌,fə́əfə̀,fə̌kə̀,kə́fə̀’ə̀,kə́fə̌,kə́fə̀’ə
plantains,"no response",úfə̀’ə̀,úfə̀’ə̀,úfə̌kə̀,fwə̌kə̀,"úfə̀ ̀ə̀",úfə̀’ə̀
,,,,,,,
"Garden egg",nyɔ̀’ɔ,kə́nyá’à,nyà’akə̀,kényà’à,nyà’à,"kə́nyá ̀à",nyà’àkə̀
"Garden eggs ","no response",únyá’à,únyá’a,únyà’à,nyɔ̀’ɔ̀,"unyá ̀à",únyá’à
,,,,,,,
,,,,,,,
Groundnut,ʉ̀mtsɔ̀mbí́́́́́́́́́́́́́́́́́́́́́́́́́́́́́́́́́́́́́́́́́́́́́́́́́́́́́́́́́́́́́́́́́́́́́́́́́́́́́́́́́-,ə̀tsɔ̀ŋmbî,tsɔ̀ŋmbì,ə̀ntsɔ̌mbî,ntsɔ̌ŋbí,fə̀tsɔ̌mbî,fɨ̀tsɔ́ŋmbî
Ground,"no response","no response",ùtsɔ̀mbí,ntsɔ̀mbí,mə̀tsɔ̌ŋbí,ǹtsɔ̀mbî,ǹtsɔ̀ŋmbí
nuts,,,,,,,
"Egusi ",ápwɔ́,zə́kaî,ʉ̀bwɔ̂,ábɔ̂,ábɔ̌,íbɔ̂,íbɔ̂
"Egusi ",,,sébɔ̌,úbɔ̂,óbɔ̌,ábɔ̂,ábɔ̂
,,,,,,,
"Yam ","no response","No response","ǹnàŋké ìŋkálì","No response","No response",ílím,kə́zú
,,,ùnàŋə́mə́kálí,,,ə́lɛ́m,úzú
yams,,,,,,,
"Food ",ùfwàziə̂,fwə̀zə̂,úfwázwé,úfwázwé,fwɔ́dzí,úfwɛ́dᴣǔ,fwɔ́dᴣʉ̂
,"no response","no response",,ùfwázwɛ́,,"No response",ùfwádzə̌
,,,"no response",,,,
,,,,,,,
"Huckle berry",úkwû,kwû,kwǔ,úkwû,úkwû,"íkwû    ",úkwû
Huckleberries,"no response","no response",úkwǔ,úkwû,kwǔm,úkwû,kwû
,,,,,,,
,,,,,,,
"Mushroom ",údzǎ,ùdzê,kə́zî,úzâ,"No response",kə́tsél,kə́dzɛ̀
mushrooms,"no response","no response",úzì,úzâ,,útsél,údzɛ̌
,,,,,,,
"Pot ",ùtɔ̀ǐ,ə̀fɨ́tɔǐ,tɔǐ,twɔ̀i,tɔ̀i,tɔ̀i,tɔ̀i
pots,"no response","no response",tɔ̀sə̀,sə̀twɔ̀i,tɔ̀isə̀,sə̀tɔ̀i,sə̀tɔ̀i
,,,,,,,
,,,,,,,
"Salt ",fɨ̀́mbwáŋ,ə̀fɨ́mbwáŋ,mbwáŋ,úgwáŋ,"No response",fɨ́mbáŋ,fɨ̀mbwáŋ
,,,,,,,
"Oil ",ʉ̀mbwə,mvʉ̂m,mvʉ̂,ʉ́mbvʉ̂,mvʉ́m,mvʉ̂,mvʉ̂
,,,,,,,
Orange,ʉ̀mlámás,ʉ̀lámbás,úmâlá,sə̀lámə́s,"No response",fə̀lámâs,fə̀lámàs
"Oranges ",,,ùmálâ,m̀lámə́s,,mlámǎs,m̀lámàs
,,,,,,,
Banana,ŋgɔ́ibàŋíbàŋì,kɨ́fə̌,ŋgɔ̌m,ŋgɔ̀m,kə́fə́ghə́,ígɔ́m,tsúkə́
"Bananas  ",,"no response",ŋgɔ̀msə̂,sə́ŋgɔ̀m,fə́ghə̀wɔ̀,sə̀gɔ̀m,útsú
"Sugar cane",kə́záŋsə́,kə́záŋsə́,úzáŋsə́,kèŋzâ,kézâŋsə́,kə́sáŋsə́,kə̀zǎŋsə̀
"Sugar canes ",úzâŋsə́,úzâŋsə́,záŋsə́sə́,úzâŋsə̂,zǎŋsə̂,úzâŋsə́,úzâŋsə̂
,,,,,,,
"Basket ",akə̀kiə̌,ífʉ̌,ùkʲə̌,kə̀kʲə̌,kʲə̀,ífû,kèkʲə̌
"Baskets ","no response","no response",kʲə̀kə́,úkʲə̌,kʲə̀wɔ̀,sə́fû,ùkʲə̌
,,,,,,,
"Mortal ",ɔ̀ŋgǔ,ɔ̀ŋgù,ŋgù,ŋgù,"No response",ngù,ŋgù
mortals,"no response","no response",ŋgùsə̀,ùŋgù,,sə̀ŋgú,sə́ŋgú
,,,,,,,
"Compound ",kə́bě,kə́bɛ̂,kə́bê,kə́bɛ̀i,kə́bái,kə́bai,kə́bái
"Compounds ","no response","no response",bêsə́,úbɛ́i,bêwə́,úbai,úbài
,,,,,,,
"House ",ndə̂,ndɛ̌,ndɛ̂,ndɛ̌,ndê,ndɛ̌,ndɛ̌
"Houses ",sə́ndɛ̌,sə́ndɛ̌,ndɛ̂sé,sə́ndɛ̂,ndésə́,sə́ndɛ̌,sə́ndɛ̌
,,,,,,,
"Door ",tsɨ̀ndâ,tsɨ́ndɛ̂,tsɨ́ndʲɛ́,útsə̂ndɛ̂,tsɨ̀ndé,"tsɨ́ ndɛ̌",tsɨ̀ndɛ̂
"Doors "," no response","no response",ùtsɨ̀ndɛ̀,útsɨ̀ndɛ̂,tsɨ̂ndéwɔ̀,tsɨ̀tsə̀ndɛ̌,"tsɨ̀ndɛ́sɔ̀ "
,,,,,,,
"Barn ",útɔ̀î,ə̀taî,taî,"No response",taî,útái,útái
"Barns ","no response","no response",táisə́,,táwɔ̀,sə́tai,ǹtái
,,,,,,,
"Ladder ",íkɔ́,kɔ́’ɔ,úkɔ́,úkɔ́,kɔ̀’ɔlə̀,úkɔ́,úkɔ́
"Ladders ","no response",sə́kɔ́,kɔ́sə́,sə́kɔ́,kɔ̀’ɔ̀lə̀wə̀,sə́kɔ́,m̀kɔ́
,,,,,,,
"Mat ",àfɨ́ghàm,ə̀fə́sê,fə́sê,fə́sɛ̌,"No response",fɨ́ghâm,fə́sě
"Mats ",sə́ghâm,ǹsě,úsɛ̂,ǹsê,,sə́ghâm,ǹsě
,,,,,,,
"Bed ",úkiɔ̌,útʉ́ɔ,tsiʉ̌,útsû,úkiû,utswɔ̌,útwúɔ̀
"Beds ","no response","no response",tiʉ̌sə̀,sə́twû,kiǔwə̀,"sə́tswɔ̀ ̀ɔ̀",ńtwúɔ
,,,,,,,
,,,,,,,
"Box ",tɨ́tâ,kə́tɨ́taî,kə́tɨ́taî,kétaitâi,tə́taì,kə́tsɨ́tai,kə́tɨ́tái
"Boxes ",útátái,útátái,tɨ́táisə́,útaitâi,tɨ́táiwɔ́,útsə́tai,útátái
,,,,,,,
Cloth,tsə̀ndzɨ̂,tsə̀ndzɨ̌,ndzʉ́s,sə̀ndzʉ̂,tsə̀ndzʉ́s,sə̀ndzɨ̌,sə̀ndzɨ̌
clothes,sə́ndzə̂,sə́ndzə̂,sə̀ndʉ̀,sə̀ndzɨ̌,sə̀ndzʉ́s,sə̀ndzə̌s,sə́ndzə̂
,,,,,,,
,,,,,,,
"Wooden spoon",tàsə̀fɨ́kàkə̀,ɔ̀kɨ́sɔ̀mə̀,"no response","No response",sɔ̂mə̀kə̀,"No response",kə́sɔ̌mə̀
"Wooden spoons ","no response","no response",,,sɔ̂mə̀wɔ̀,,úsɔ̌mə̀
,,,,,,,
,,,,,,,
"Knife ",fə̀nyì,fə́nyə̂,fə̀nyî,fə́nyí,fə̀nyî,fə́nyə̂,fə́nyə̂
"Knifes ",m̀nyə̂,m̀nyə̂,nyə̌fə́,fə́nyə̂,nyɛ́mə́,m̀nyə̂,"m̀nyə̂ "
,,,,,,,
,,,,,,,
Cutlass,ífə̌,fɛ̂,fɛ̌,ʉ́fɛ̌,"No response",ífɛ̌,ífɛ̌
"Cutlasses ",sə́fɛ̂,sə́fɛ̂,sə́fɛ̂,sə́fɛ̌,,sə́fɛ̂,sə́fɛ̂
,,,,,,,
"Chair ",kə́kiə̂,kékwʉ̂,kwêkə́,kə́kɔ́i,kwékə́,kə́kûi,kə́kɔ́i
"Chairs ","no response",úkɔ́i,"no response",úkɔ́i,kwéwə́,úkûi,úkɔ́i
,,,,,,,
,,,,,,,
Person,ághə̂,aghʉ̂,wai,wʉ̌,ághə̌,wɔ̌,wʉ̌
"People ","no response",wʉ̀,áwai,ághʉ̂,wʉ̌,ə́ghʉ̌,ághə̂
,,,,,,,
,,,,,,,
"Father ",bàbə̀bɛ̂,bə̀kèbɛ̂,bə̀bâ,"No response",bǎ,bɛ̌,bə̀kə̀bái
"Fathers ","no response","no response","no response",,"No response","No response",bèkə́bî
,,,,,,,
,,,,,,,
"Mother ",nàbə̀bwɛ̂,nàndɛ̂,nì,"No response",nì,ně,nǐ
"Mothers ","no response","no response",nìsə̀,,"No response","No response",nə̀nǐ
,,,,,,,
"Child ",wái,wái,wai,"No response",fɨ́ně,wái,wái
"Children ",áwai,wáá,áwai,"No response",ńnîm,áwai,ǹtɨ̂
,,,,,,,
"Woman ",wùzə̌ŋ,wɔ̀zəŋ,wùzə̌ŋ,wìzə̀n,wèzə́ŋ,wùzə̌ŋ,ùzə̂ŋ
"Women ",ázê,zî,ázê,ághězə̂,ghězə̂ŋ,ázê,ázɛ̂
,,,,,,,
"Man ",wènǔ,wɔ̀nǔ,wʉ̀nû,wìnʉ̌,wènǔ,wʉ̀nû,wʉ̀nû
"Men ",ghə̌nʉ̂m,ńnǔ,ánû,ghə̀nû,ghə̌nʉ̂m,ə́nû,ánû
,,,,,,,
"Boy ",wànû,wàànú,wìnʉ̀m,wìnʉ̀m,něfɨ́nǔfə́,wànû,wáinû
"Boys ",ə́nû,wáá́nǔ,ghə̀nǔ,ghə̀nǔ,nênʉ̂m,ə́nû,wǎnǔ
,,,,,,,
"Girl ",wàizə́n,wàzə̀ŋ,wàzə̀ŋ,wàizə́n,ǹnêfɨzəŋfə̀,wǐzə̀ŋ,wáizə̀ŋ
"Girls ",áwêzə́ŋə́,wázə̀ŋə̀,wázə̀ŋə̀,áwêzə́ŋə́,ǹnêmə̀zə̀ŋmə̀,ə́zaǐ,wǎzə̀ŋə̀
,,,,,,,
"Thief ",wùtsɔ̀ŋɔ̀,wɔ̀tsɔ́ŋɔ̀,wùtsɔ́ŋǔ,wùtsɔ̀ŋɔ̀,wùtsɔ̀ŋɔ̀,wùtsɔ́ŋǔ,wʉ̀tsɔ́ŋɔ̀
"Thieves ",aghʉ̀tsɔ́ŋɔ̀,ghʉ̀tsɔ́ŋɔ̀,ghə́tsɔ́ŋɔ́,aghʉ̀tsɔ́ŋɔ̀,ghʉ̂tsɔ́ŋɔ̂,ghə́tsɔ́ŋɔ́,ghʉ̀tsɔ́ŋɔ̀
,,,,,,,
,,,,,,,
"Go ",nʉ̀,nù,nù,nʉ̀,nù,nù,nʉ̀
,,,,,,,
"Come ",bě,bě,bě,bě,bě,bə̌,bě
,,,,,,,
"Sit ",té’é,té’é,té’é,té’é,té’é,té’é,té’é
,,,,,,,
"Stand ",tsə́m,tím,tsə́m,tím,tsə́,tsə,tsɨ́m
,,,,,,,
"Carry ",bé’e,bé’é,bè,bé’é,bé’é,bé’é,bé’é
"Dance ",bə́n,bə́n,bə́n,bə́n,bə́n,bə́n,bə́n
,,,,,,,
"Run ",nyə́ŋ,nyə́ŋ,nyə́ŋ,nyə́ŋ,nyə́ŋ,nyə́ŋ,"nyə́ŋ "
,,,,,,,
"Sleep ",nyə́ŋ,bɨ́,bíi,bíi,nyə́ŋ,nyə́ŋə́,bíi
,,,,,,,
"Cook ",kwě,kwě,kwǐ,kwě,kwě,kwě,kwǐ
,,,,,,,
eat,dzî,dzí,dzî,dzî,dzî,dzî,dzî
,,,,,,,
"Sing ",zə́m,zə́m,zə́m,zə́m,zə́m,zə́m,zə́m
,,,,,,,
climp,kɔ́,kɔ́,kɔ́,kɔ́,kɔ́,kɔ́,kɔ́
,,,,,,,
"Fry ",káŋí,dze,káŋ,káŋ,káŋ,káŋ,"káŋ "
,,,,,,,
clear,tə́m,tə́m,tɨ́m,tə́m,tɨ́m,tə́m,tɨ́m
,,,,,,,
tie,kwɔ́lə́,kwɔ́lə́,kwɔ́lə́,kwɔ́lə́,kwɔ́lə́,kwúlə́,kúl
,,,,,,,
untie,zě,zɨ̌,zě,zě,zě,zě,zě
,,,,,,,
jump,tǎi,tǎi,tǎikə,tǎi,tǎi,tǎi,tǎi
rest,dzèsɨ́,dzèsɨ́,dzèsɨ́,dzèsɨ́,dzèsɨ́,dzə̌sɨ́,dzèsɨ́
,,,,,,,
Count,táŋ,táŋ,táŋ,táŋ,táŋ,táŋ,táŋ
,,,,,,,
Cry,tsî,ti,tsî,tsî,tsî,tsî,tsî
,,,,,,,
Laugh,tsé,tsé,tsé,tsé,tsé,tsé,tsé
,,,,,,,
pick,bɔ́ŋ,bɔ́́ŋ,bɔ́ŋ,bɔ́ŋ,bɔ́ŋ,bɔ́ŋ,bɔ́ŋ
,,,,,,,
Steal,tsɔ́ŋ,tsɔ́ŋ,tsɔ́ŋ,tsɔ́ŋ,tsɔ́ŋ,tsɔ́ŋ,tsɔ́ŋ
,,,,,,,
Clap,bú,bú,bú,bú,bú,bú,bú
,,,,,,,
shoot,tə́m,tə́m,tə́m,tə́m,tə́m,tə́m,tə́m
,,,,,,,
"Wipe ",zə̀s,zə̀s,zə̀s,zə̀s,zə̀s,zə̀s,zə̀s
,,,,,,,
sweep,sɨ́zə́s,sɨ́zə́s,sɨ́zə́s,zès,zès,zə́s,zès
,,,,,,,
"Rinse ",kúŋsə́,kúŋsə́,tsùsə́,tsùsə́,kúŋsə́,tsùsə́,tsùsə́
,,,,,,,
"Listen ",zùlə́,zúlə́,zùlə́,zùlə́,zùlə́,zùlə́,zùlə́
,,,,,,,
"Wash ",sù,sù,tsʉ̀,tsʉ̀,sù,sǔ,tsʉ̀
,,,,,,,
imitate,"fí ̀ílə́","no response","fí ̀ílə́","fí ̀ílə́","no response",fíĺə́,síǹnə́
,,,,,,,
call,tɔ́ŋɔ́,tɔ́ŋɔ́,tɔ́ŋɔ́,tɔ́ŋɔ́,tɔ́ŋɔ́,tɔ́ŋɔ́,tɔ́ŋɔ́
,,,,,,,
read,"no ",tɔ́ŋɔ́,tɔ́ŋɔ́,tɔ́ŋ,tɔ́ŋɔ́,tɔ́ŋɔ́,tɔ́ŋɔ́
,response,,,,,,
,,,,,,,
"Pray ",tsə̀m,tsə̀m,tsə̀m,tsə̀m,tsə̀m,tsə́m,tsə̀m
,,,,,,,
"Return ",kwúlə́,kwúlə́,kwúlə́,kwúlə́,kwúlə́,běbàm,"kə̀mə́bè/ kwúlə́"
,,,,,,,
"Rub ","no response",kə́mə,kɨ̌mə́,kɨ̌mə́,kɨ̌mə́,kɨ̌mə́,kɨ̌mə́
,,,,,,,
"Peel ",kái,kái,zù,zǔm,zù,zǔm,zù
,,,,,,,
"Kick ",tə́,tɛ́,tɛ́,tə́,tɛ́,tə́,té
"Keep ",na,ná,nâ,nâ,nâ,nâ,nâ
"Beg ",nɔ́i,nɔ́i,nɔ́i,nɔ́i,nɔ́i,"bú ","nɔ́i "
,,,,,,,
"Swim ",sàm,sàm,sàm,sàm,sàm,sàm,sàm
,,,,,,,
"Hunt ","no response",bwɔ́m,bwʉ́m,bwɔ́m,bwʉ́m,bwʉ́m,bwʉ́m
,,,,,,,
"Work (V)",fwài,fwà,fwài,fwài,fwài,kə̀fwâ,fwài
,,,,,,,
"Buy ",zɔ́i,ízûyə̀,zɔ́i,zɔ́i,zɔ́i,zɔ́i,zɔ́i
"Sell ","no response",fwə̀,"no response","no response","no response",fì,fì
"To announce ",tsai,nà,nà,tsai,nà,fì,nà
"Light ",tsai,tᴶà,tsai,tsai,tsai,tsai,"tsai "
"Sky ","no response","No response",kə́wúlə́,kə́wúlə́,kə́wúlə́,kə́wúlə́,kə́wúlə́
"Sun ",tsǐ,tsì,tsǐ,tsǐ,tsǐ,tsǐ,tsǐ
"Moon ","no response",dzɔ́ŋ,dzɔ́ŋ,ndzɔ́ŋî,dzɔ́ŋ,ndzɔ́ŋî,tsɔ̀ŋə̂
star,"no response","No response","no response","no response","no response","No response",fɨ̀síbə̀lə̀
"Stars ",,,,,,,ǹsîbə̀lə̀
"Dust ",kə́bə́l,kə́bə̂l,kə́bə́l,kə́bə́l,kə́bə́l,kə́bə́l,kə́bə́l
,úbə̂l,úbə̂l,úbə̂l,úbə̂l,úbə̂l,,úbə̂l
"Yesterday ",ázáiwé,ázáiwé,ázáiwé,ázáiwé,ázáiwé,úbə̀l,ázéwê
,,,,,,azɔ́iwé,
"Night ",ǹtú’ú,ǹtú’ú,ǹtú’ú,ǹtú’ú,ǹtú’ú,"No response",ǹtú’ú
"Now ",nái,nái,nái,"no response",dzʉ̌,dzə̌,dzʉ̌
"Afternoon ",ntsǐ,ǹtsì,ntsǐ,ntsǐ,ntsǐ,ntsǐ,ntsǐ
"Month ","no response",ndzɔ́ŋɔ,ndzɔ̀ŋɔ̀,"no response",ndzɔ̀ŋɔ̀,ndzɔ̀ŋɔ̀,tzɔ̀ŋɔ̌
,,sə́ndzɔ́ŋɔ,"no response",,"no response",,
"Week ","no response",ngàm,ngàm,ngàm,"no response",ŋgàm,ŋgàm
,,sə̀ngàm,sə̀ngàm,sə̀ngàm,,,tə́ŋgàm
"Morning ","no response",m̀bə́sə̀bə̀sə̀,bʉ́sɨ́bə̀sə̀,bʉ́sɨ́bə̀sə̀,bʉ́sɨ́bə̀sə̀,bʉ́sɨ́bə̀sə̀,bʉ́sɨ́bə̀sə̀
,,m̀bə́sə̀bə̀sə̀sə̀,,,,,
,,,,,,,
"Year ",kə́nʉ̀m,"kə́num X",kə́nʉ̀m,kə́nʉ̀m,kə́nʉ̀m,kə́nʉ̀m,kə́nʉ̀m
,"no response",numsə̀,"no response","no response","no response","no response",tə́nʉ̀msə̀
"Darkness ","no response",kə́lə́m,kə́lə́m,kə́lə́m,"no response",kɨ́lʉ́m,kɨ́lʉ́m
,,úlə́m,úlə́m,úlə́m,,úlə́m,úlə́m
"Fat ",ghá,ghá,íghá,ghá,ghá,íghá,íghá
"Small ","no response",ítə́lə́,"no response","no response","no response","ítə́lé ",tɔ́tǐ
"Tall ",tiàfì,ítᴶaf,tiàfì,tiàfì,tiàfì,"ítsáf ",tiàfì
"Short ","no response",tə́msə́,"no response","no response","no response","No response",tɨ́msíi
"Many ","no response",tə̀msɨ̀sə̀,ndə̀m,ndə̀m,"no response",twɔ̀nə̀,ǹdə̀m
"Clean ",zúl,zúl,swɔ̀lí,swɔ̀lí,"no response",zwɔ̀l,swɔ̀lí
"Dirty ","no response",fəm,"no response",fə̀mì,"no response",fəmə̀,fɨəm̀mǐ
"Market ",úwê,íwɛ́,úwê,úwê,úwê,úwê,úwê
"Markets ",tùsə̀wé,úwɛ́,m̀wê,tùsə̀wé,m̀wê,tùsə̀wé,m̀wê
Cap,kə̀tàŋsə̀,kə̀tàŋə̀,kə̀tàŋə̀,kə̀tàŋə̀,kə̀tàŋə̀,kə́tàŋə̀,kə́tàŋə̀
"Caps ",ùtàŋə̀,ùtàŋə̀,ùtàŋə̀,ùtàŋə̀,ùtàŋə̀,ùtàŋə̀,ùtàŋə̀
Shoe,kwú,kwú,kwú,kwú,kwú,kwù,ùkwǔ
"Shoes ",sékwú,sékwú,sékwú,sékwú,sékwú,sə́kwû,sə́kwû
Umbrella,kə́bà,kə́ba,kə́bà,kə́bà,kə́bà,kə́bà,kə́bà
umbrellas,úbà,úba,úbà,úbà,úbà,úbà,úbà
"Money ","no response",kwə́,úkɛ̌,úkɛ̌,úkɛ̌,úkɛ̌,úkɛ̌
,,úkᴶɛ́,m̀kᴶɛ́,m̀kᴶɛ́,m̀kᴶɛ́,"no response",m̀kᴶɛ́
"Sickness ",kə́zɔ̀,tsaŋ,kə́zɔ̀,kə́zɔ̀,kə́zɔ̀,itsàŋ,itsàŋ
sicknesses,úzɔ̀,ítsaŋ,úzɔ̀,úzɔ̀,úzɔ̀,sə́tsàŋ,tə́tsàŋsə̀
"Cough ",kə́zɔ̀,kə́zɔ̀,kə́zɔ̀,kə́zɔ̀,kə́zɔ̀,kə́zɔ̀,kə́zɔ̀
,úzɔ̀,úzɔ̀,úzɔ̀,úzɔ̀,úzɔ̀,úzɔ̀,úzɔ̀
"Vomit ","no response",ízai,"no response","no response","no response",ízai,ízà
,,zai,,,,"no response",m̀zài
"Wound ",kɨ́tǔ,kə́tì,kɨ́tǔ,"no response","no response",kɨ́tǔ,kɨ́tǐ
"Wounds ",sə́tǔ,útì,sə́tǔ,,,sə́tǔ,útǐ
"Medicine ",útê,úté,útê,útê,útê,útê,útê
"Medicines ",m̀tê,m̀té,m̀tê,m̀tê,m̀tê,m̀tê,m̀tê
"Drum ","no response",fɨ́ka,tsùm,tsùm,tsùm,tsùm,tsùm
"Drums ",,m̀kà,sə́tsùm,sə́tsùm,sə́tsùm,ntsùm,sə́tsùm
"Rattle ","no response","No response",kə̀tsàtsà,kɨ́bwá’á,kə̀tsàtsà,kɨ́bwá’á,kɨ́bwá’á
"Rattles ",,,ùtsàtsà,úmbá’á,ùtsàtsà,úmbá’á,úmbá’á
"Spear ",íghɔ̀ŋ,íghɔ́ŋ,íghɔ̀ŋ,íghɔ̀ŋ,íghɔ̀ŋ,íghɔ̀ŋ,íghɔ̀ŋ
"Spears ",sə̀ghɔ̌ŋ,sə́ghɔ̌ŋ,sə̀ghɔ̌ŋ,sə̀ghɔ̌ŋ,sə̀ghɔ̌ŋ,sə̀ghɔ̌ŋ,ághɔ̀ŋ
Gun,íwús,íwús,úwús,íwús,úwús,úwús,úwús
"Guns ",sə́wûs,sə́wûs,ḿwùs,sə́wûs,ḿwùs,sə̀wùs,ḿwùs
Bag,kə̀mbə̌,kə̀mbə̀,kə̀mbə̌,kə̀mbə̌,kə̀mbə̌,kə̀mbə̌,kə̀mbə̌
"Bags ",ùmbə̌,mbə̀sə̀,ùmbə̌,ùmbə̌,ùmbə̌,ùmbə̌,ùmbə̌
Belt,fə́kwǔ,fə́kwǔ,fə́kwǔ,úkǔ,fə́kwǔ,fə́kǔ,úkǔ
"Belts ",kwùmə̀,kwùmə̀,kwùmə̀,ḿkû,kwùmə̀,ḿkû,ḿkû
Thread,kə̀làshì,kə́léshí,kə́léshí,kə́léshí,kə́léshí,kə̀lɛ́shì,kə̀líshǐ
"Threads ",ùlàshì,ùlěshǐ,ùlěshǐ,ùlěshǐ,ùlěshǐ,ùléshǐ,ùléshǐ
Broom,"no response",isàŋə̀,ɨ́sàŋà,ɨ́sàŋà,ɨ́sàŋà,ɨ́sàŋà,ɨ́sàŋà
"Brooms ",,sɨ́sàŋə,sə́sàŋà,sə́sàŋà,sə́sàŋà,sə́sàŋà,sə́sàŋà
Hoe,pfʉ̌,fə̀,pfʉ̌,pfʉ̌,pfʉ̌,pfʉ̌,pfʉ̌
"Hoes ",sə́pfʉ̂,sɨ́fə̂,sə́pfʉ̂,sə́pfʉ̂,sə́pfʉ̂,sə́pfʉ̂,sə́pfʉ̂
Comb,"no response",kə́shɔ̀,kə̀́sɔ̀,úswà’à,"no response",kə̀́sɔ̀,úswà’à
"Combs ",,"úshɔ̀ ́ɔ̀",ísɔ̀,sə́swà’à,,ísɔ̀,sə́swà’à
"Ring ","no response",fə́tsá,fɨ́tsá,fɨ́tsá,fɨ́tsá,"No response",fɨ́tsá
"Rings ",,tsàmə̀,ńtsá,ńtsá,ńtsá,,ńtsá
Snuff,kə́tə́báŋ,kə́tíb́áŋ,kɨ́tíbàŋ,kɨ́tíbàŋ,kə́tə́báŋ,útíbàŋ,kɨ́tíbàŋ
"Snuffs ",útɨ́báŋ,útíbáŋ,útɨ́báŋ,útɨ́báŋ,útɨ́báŋ,"ítíbǎŋ ",útɨ́báŋ
,,,,,,,
Woodash,útsə̀m,tsəm,útsə̀m,útsə̀m,útsə̀m,útsə̀m,útsə̀m
,,útsəm,,,,,
"Smoke ",kə́nyí,kə́nyí,kə́nyí,kə́nyí,kə́nyí,kə́nyə́,kɨ́nyə́
,únyí,únyí,únyí,únyí,únyí,,únyí
Firewood,fɨ́kà,fə́ka,fɨ́kà,fɨ́kà,fɨ́kà,fɨ́kà,fɨ́kà
"Firewoods ",ḿŋkà,kàmə̀,ḿŋkà,ḿŋkà,ḿŋkà,ḿŋkà,ḿŋkà
